"Add to Cart","Ajouter au panier"
"Sign In","Connexion"
"Create an Account","Créer un compte"
"Search entire store here...","Rechercher..."
"My Cart","Mon Panier"
"Qty","Qté"
"Details","Détails"
"Reviews","Avis"
"Add to Wish List","Ajouter à la liste de souhaits"
"Add to Compare","Ajouter au comparatif"
"Be the first to review this product","Soyez le premier à donner votre avis sur ce produit"
"IN STOCK","EN STOCK"
"OUT OF STOCK","ÉPUISÉ"
"Regular Price","Prix normal"
"Default welcome msg!","Bienvenue !"
"or","ou"
"Shopping Cart","Panier"
"Item","Article"
"Price","Prix"
"Subtotal","Sous-total"
"Summary","Sommaire"
"Estimate Shipping and Tax","Estimer la livraison et la TVA"
"Order Total","Total de la commande"
"Proceed to Checkout","Passer à la caisse"
"Check Out with Multiple Addresses","Passer la commande avec plusieurs adresses"
"Update Shopping Cart","Mettre à jour le panier"
"Apply Discount Code","Appliquer un code de réduction"
"Enter your email address","Saisissez votre adresse e-mail"
"Subscribe","S'inscrire"
"View as","Afficher en"
"Grid","Grille"
"List","Liste"
"Set Ascending Direction","Ordre croissant"
"Set Descending Direction","Ordre décroissant"
"Sort By","Trier par"
"Product Name","Nom du produit"
"Relevance","Pertinence"
"1 item","1 article"
"%1 items","%1 articles"
"Search results for: '%1'","Résultats de recherche pour : '%1'"
"Compare Products","Comparer les produits"
"You have no items to compare.","Vous n'avez aucun article à comparer."
"My Wish List","Ma liste de souhaits"

